phone_number,name,email
+18005551001,Customer Service Test 1,test1@example.com
+18005551002,Customer Service Test 2,test2@example.com
+18005551003,Customer Service Test 3,test3@example.com
+18885551004,Support Line Test 4,test4@example.com
+18885551005,Support Line Test 5,test5@example.com
+18885551006,Support Line Test 6,test6@example.com
+18775551007,Toll Free Test 7,test7@example.com
+18775551008,Toll Free Test 8,test8@example.com
+18775551009,Toll Free Test 9,test9@example.com
+18665551010,Help Desk Test 10,test10@example.com
+18665551011,Help Desk Test 11,test11@example.com
+18665551012,Help Desk Test 12,test12@example.com
+18555551013,Info Line Test 13,test13@example.com
+18555551014,Info Line Test 14,test14@example.com
+18555551015,Info Line Test 15,test15@example.com
+18445551016,Contact Center Test 16,test16@example.com
+18445551017,Contact Center Test 17,test17@example.com
+18445551018,Contact Center Test 18,test18@example.com
+18335551019,Service Line Test 19,test19@example.com
+18335551020,Service Line Test 20,test20@example.com
